<?xml version="1.0" encoding="UTF-8"?>
<project-private xmlns="http://www.netbeans.org/ns/project-private/1">
    <editor-bookmarks xmlns="http://www.netbeans.org/ns/editor-bookmarks/2" lastBookmarkId="0"/>
    <open-files xmlns="http://www.netbeans.org/ns/projectui-open-files/2">
        <group>
            <file>file:/C:/Users/HP/Desktop/Distributed-Systems-main/7.1%20Webservice%20-%20Calculator/CalculatorWebService/web/index.html</file>
            <file>file:/C:/Users/HP/Desktop/Distributed-Systems-main/7.1%20Webservice%20-%20Calculator/CalculatorWebService/src/java/com/unique/Calculator.java</file>
        </group>
    </open-files>
</project-private>
